population_size,generations,mutation_rate,execution_time,score
100,20,0.01,69809.5862789154,52756
64,20,0.01,
64,16,0.01,
32,16,0.01,
32,8,0.01,
16,8,0.01,3238.323007106781,48868
16,4,0.01,1375.8276360034943,48026
8,4,0.01,815.4824318885803,48294
8,2,0.01,495.0604920387268,46881
4,2,0.01,349.87031507492065,46698
4,1,0.01,1487.544177532196,45820
