population_size,generations,mutation_rate,execution_time,score
100,20,0.01,
64,20,0.01,
64,16,0.01,
32,16,0.01,
32,8,0.01,2551.9830231666565,5154247
16,8,0.01,4412.917528867722,47506
16,4,0.01,1370.8476088047028,46731
8,4,0.01,954.7636885643005,46910
8,2,0.01,674.8623631000519,47280
4,2,0.01,516.8594391345978,46911
4,1,0.01,1487.544177532196,45820
