population_size,generations,mutation_rate,execution_time,score
100,20,0.01,
64,20,0.01,
64,16,0.01,
32,16,0.01,
32,8,0.01,
16,8,0.01,
16,4,0.01,
8,4,0.01,954.7636885643005,46910
8,2,0.01,674.8623631000519,47280
4,2,0.01,516.8594391345978,46911
4,1,0.01,1487.544177532196,45820
